"source_id","source_name","journal_name_raw","journal_url_raw","publisher_raw","category_raw","issn_raw","notes_raw","date_collected"
"SRC_PJIP_20260519","PJIP Philosophy Journal Ranking Index","The Philosophical Review","https://www.pjip.org/journal-profile.html?search.search=1558-1470","Duke University Press","GNRL","1558-1470","pjip_rank=1; open_access=NOA; paper_length=Standard","2026-05-19"
"SRC_PJIP_20260519","PJIP Philosophy Journal Ranking Index","Nous","https://www.pjip.org/journal-profile.html?search.search=1468-0068","Wiley","GNRL","1468-0068","pjip_rank=2; open_access=HYBD; paper_length=Standard","2026-05-19"
"SRC_PJIP_20260519","PJIP Philosophy Journal Ranking Index","Philosophy and Phenomenological Research","https://www.pjip.org/journal-profile.html?search.search=1933-1592","Wiley","GNRL","1933-1592","pjip_rank=3; open_access=HYBD; paper_length=Standard","2026-05-19"
"SRC_PJIP_20260519","PJIP Philosophy Journal Ranking Index","MIND","https://www.pjip.org/journal-profile.html?search.search=1460-2113","Oxford University Press","GNRL","1460-2113","pjip_rank=4; open_access=HYBD; paper_length=Standard","2026-05-19"
"SRC_PJIP_20260519","PJIP Philosophy Journal Ranking Index","Journal of Philosophy","https://www.pjip.org/journal-profile.html?search.search=1939-8549","Journal of Philosophy, Inc.","GNRL","1939-8549","pjip_rank=5; open_access=NOA; paper_length=Standard","2026-05-19"
"SRC_PJIP_20260519","PJIP Philosophy Journal Ranking Index","Australasian Journal of Philosophy","https://www.pjip.org/journal-profile.html?search.search=1471-6828","Taylor & Francis","GNRL","1471-6828","pjip_rank=6; open_access=HYBD; paper_length=Standard","2026-05-19"
"SRC_PJIP_20260519","PJIP Philosophy Journal Ranking Index","Philosophical Studies","https://www.pjip.org/journal-profile.html?search.search=1573-0883","Springer","GNRL","1573-0883","pjip_rank=7; open_access=HYBD; paper_length=Standard","2026-05-19"
"SRC_PJIP_20260519","PJIP Philosophy Journal Ranking Index","Philosophers Imprint","https://www.pjip.org/journal-profile.html?search.search=1533-628X","University of Michigan Press","GNRL","1533-628X","pjip_rank=8; open_access=DOA; paper_length=Standard","2026-05-19"
"SRC_PJIP_20260519","PJIP Philosophy Journal Ranking Index","Philosophical Quarterly","https://www.pjip.org/journal-profile.html?search.search=1467-9213","Oxford University Press","GNRL","1467-9213","pjip_rank=9; open_access=HYBD; paper_length=Standard","2026-05-19"
"SRC_PJIP_20260519","PJIP Philosophy Journal Ranking Index","Analysis","https://www.pjip.org/journal-profile.html?search.search=1467-8284","Oxford University Press","GNRL","1467-8284","pjip_rank=10; open_access=HYBD; paper_length=Short","2026-05-19"
"SRC_PJIP_20260519","PJIP Philosophy Journal Ranking Index","Synthese","https://www.pjip.org/journal-profile.html?search.search=1573-0964","Springer","GNRL","1573-0964","pjip_rank=11; open_access=HYBD; paper_length=Standard","2026-05-19"
"SRC_PJIP_20260519","PJIP Philosophy Journal Ranking Index","Canadian Journal of Philosophy","https://www.pjip.org/journal-profile.html?search.search=1911-0820","Cambridge University Press","GNRL","1911-0820","pjip_rank=12; open_access=HYBD; paper_length=Standard","2026-05-19"
"SRC_PJIP_20260519","PJIP Philosophy Journal Ranking Index","Ergo","https://www.pjip.org/journal-profile.html?search.search=2330-4014","Michigan Publishing Services","GNRL","2330-4014","pjip_rank=13; open_access=DOA; paper_length=Standard","2026-05-19"
"SRC_PJIP_20260519","PJIP Philosophy Journal Ranking Index","Erkenntnis","https://www.pjip.org/journal-profile.html?search.search=1572-8420","Springer","GNRL","1572-8420","pjip_rank=14; open_access=HYBD; paper_length=Standard","2026-05-19"
"SRC_PJIP_20260519","PJIP Philosophy Journal Ranking Index","European Journal of Philosophy","https://www.pjip.org/journal-profile.html?search.search=1468-0378","Wiley","GNRL","1468-0378","pjip_rank=15; open_access=HYBD; paper_length=Standard","2026-05-19"
"SRC_PJIP_20260519","PJIP Philosophy Journal Ranking Index","Pacific Philosophical Quarterly","https://www.pjip.org/journal-profile.html?search.search=1468-0114","Wiley","GNRL","1468-0114","pjip_rank=16; open_access=HYBD; paper_length=Standard","2026-05-19"
"SRC_PJIP_20260519","PJIP Philosophy Journal Ranking Index","American Philosophical Quarterly","https://www.pjip.org/journal-profile.html?search.search=2152-1123","University of Illinois Press","GNRL","2152-1123","pjip_rank=17; open_access=NOA; paper_length=Standard","2026-05-19"
"SRC_PJIP_20260519","PJIP Philosophy Journal Ranking Index","Journal of the American Philosophical Association","https://www.pjip.org/journal-profile.html?search.search=2053-4485","Cambridge University Press","GNRL","2053-4485","pjip_rank=18; open_access=HYBD; paper_length=Standard","2026-05-19"
"SRC_PJIP_20260519","PJIP Philosophy Journal Ranking Index","Inquiry","https://www.pjip.org/journal-profile.html?search.search=1502-3923","Taylor & Francis","GNRL","1502-3923","pjip_rank=19; open_access=HYBD; paper_length=Standard","2026-05-19"
"SRC_PJIP_20260519","PJIP Philosophy Journal Ranking Index","Thought","https://www.pjip.org/journal-profile.html?search.search=2161-2234","Philosophy Documentation Center","GNRL","2161-2234","pjip_rank=20; open_access=POA; paper_length=Short","2026-05-19"
"SRC_PJIP_20260519","PJIP Philosophy Journal Ranking Index","Ratio","https://www.pjip.org/journal-profile.html?search.search=1467-9329","Wiley","GNRL","1467-9329","pjip_rank=21; open_access=HYBD; paper_length=Standard","2026-05-19"
"SRC_PJIP_20260519","PJIP Philosophy Journal Ranking Index","Dialectica","https://www.pjip.org/journal-profile.html?search.search=1746-8361","Philosophie.ch","GNRL","1746-8361","pjip_rank=22; open_access=DOA; paper_length=Standard","2026-05-19"
"SRC_PJIP_20260519","PJIP Philosophy Journal Ranking Index","Analytic Philosophy","https://www.pjip.org/journal-profile.html?search.search=2153-960X","Wiley","GNRL","2153-960X","pjip_rank=23; open_access=HYBD; paper_length=Standard","2026-05-19"
"SRC_PJIP_20260519","PJIP Philosophy Journal Ranking Index","Philosophy","https://www.pjip.org/journal-profile.html?search.search=1469-817X","Cambridge University Press","GNRL","1469-817X","pjip_rank=24; open_access=HYBD; paper_length=Standard","2026-05-19"
"SRC_PJIP_20260519","PJIP Philosophy Journal Ranking Index","Southern Journal of Philosophy","https://www.pjip.org/journal-profile.html?search.search=2041-6962","Wiley","GNRL","2041-6962","pjip_rank=25; open_access=HYBD; paper_length=Standard","2026-05-19"
"SRC_PJIP_20260519","PJIP Philosophy Journal Ranking Index","Proceedings of the Aristotelean Society","https://www.pjip.org/journal-profile.html?search.search=1467-9264","Oxford University Press","GNRL","1467-9264","pjip_rank=26; open_access=HYBD; paper_length=Standard","2026-05-19"
"SRC_PJIP_20260519","PJIP Philosophy Journal Ranking Index","Philosophical Perspectives","https://www.pjip.org/journal-profile.html?search.search=1520-8583","Wiley","GNRL","1520-8583","pjip_rank=27; open_access=HYBD; paper_length=Standard","2026-05-19"
"SRC_PJIP_20260519","PJIP Philosophy Journal Ranking Index","The Monist","https://www.pjip.org/journal-profile.html?search.search=2153-3601","Oxford University Press","GNRL","2153-3601","pjip_rank=28; open_access=HYBD; paper_length=Standard","2026-05-19"
"SRC_PJIP_20260519","PJIP Philosophy Journal Ranking Index","Philosophical Issues","https://www.pjip.org/journal-profile.html?search.search=1758-2237","Wiley","GNRL","1758-2237","pjip_rank=29; paper_length=Standard","2026-05-19"
"SRC_PJIP_20260519","PJIP Philosophy Journal Ranking Index","Philosophical Topics","https://www.pjip.org/journal-profile.html?search.search=2154-154X","The University of Arkansas Press","GNRL","2154-154X","pjip_rank=30; paper_length=Standard","2026-05-19"
"SRC_PJIP_20260519","PJIP Philosophy Journal Ranking Index","International Journal of Philosophical Studies","https://www.pjip.org/journal-profile.html?search.search=1466-4542","Taylor & Francis","GNRL","1466-4542","pjip_rank=31; open_access=HYBD; paper_length=Standard","2026-05-19"
"SRC_PJIP_20260519","PJIP Philosophy Journal Ranking Index","Argumenta","https://www.pjip.org/journal-profile.html?search.search=2465-2334","University of Sassari","GNRL","2465-2334","pjip_rank=32; open_access=DOA; paper_length=Standard","2026-05-19"
"SRC_PJIP_20260519","PJIP Philosophy Journal Ranking Index","Philosophical Papers","https://www.pjip.org/journal-profile.html?search.search=1996-8523","Taylor & Francis","GNRL","1996-8523","pjip_rank=33; open_access=HYBD; paper_length=Standard","2026-05-19"
"SRC_PJIP_20260519","PJIP Philosophy Journal Ranking Index","Theoria. A Swedish journal of philosophy","https://www.pjip.org/journal-profile.html?search.search=1755-2567","Wiley","GNRL","1755-2567","pjip_rank=34; open_access=HYBD; paper_length=Standard","2026-05-19"
"SRC_PJIP_20260519","PJIP Philosophy Journal Ranking Index","European Journal of Analytic Philosophy","https://www.pjip.org/journal-profile.html?search.search=1849-0514","University of Rijeka, Faculty of Humanities and Social Sciences","GNRL","1849-0514","pjip_rank=35; open_access=DOA; paper_length=Standard","2026-05-19"
"SRC_PJIP_20260519","PJIP Philosophy Journal Ranking Index","Disputatio","https://www.pjip.org/journal-profile.html?search.search=2182-2875","de Gruyter","GNRL","2182-2875","pjip_rank=36; open_access=DOA; paper_length=Standard","2026-05-19"
"SRC_PJIP_20260519","PJIP Philosophy Journal Ranking Index","Acta Analytica","https://www.pjip.org/journal-profile.html?search.search=1874-6349","Springer","GNRL","1874-6349","pjip_rank=37; open_access=HYBD; paper_length=Standard","2026-05-19"
"SRC_PJIP_20260519","PJIP Philosophy Journal Ranking Index","Journal of Philosophical Research","https://www.pjip.org/journal-profile.html?search.search=2153-7984","Philosophy Documentation Center","GNRL","2153-7984","pjip_rank=38; open_access=HYBD; paper_length=Standard","2026-05-19"
"SRC_PJIP_20260519","PJIP Philosophy Journal Ranking Index","Philosophia (United States)","https://www.pjip.org/journal-profile.html?search.search=1574-9274","Springer","GNRL","1574-9274","pjip_rank=39; open_access=HYBD; paper_length=Short","2026-05-19"
"SRC_PJIP_20260519","PJIP Philosophy Journal Ranking Index","Topoi","https://www.pjip.org/journal-profile.html?search.search=1572-8749","Springer","GNRL","1572-8749","pjip_rank=40; open_access=HYBD; paper_length=Standard","2026-05-19"
"SRC_PJIP_20260519","PJIP Philosophy Journal Ranking Index","Global Philosophy","https://www.pjip.org/journal-profile.html?search.search=2948-1538","Springer","GNRL","2948-1538","pjip_rank=41; paper_length=Standard","2026-05-19"
"SRC_PJIP_20260519","PJIP Philosophy Journal Ranking Index","South African Journal of Philosophy","https://www.pjip.org/journal-profile.html?search.search=2073-4867","Taylor & Francis","GNRL","2073-4867","pjip_rank=42; open_access=HYBD; paper_length=Standard","2026-05-19"
"SRC_PJIP_20260519","PJIP Philosophy Journal Ranking Index","Dialogue-Canadian Philosophical Review","https://www.pjip.org/journal-profile.html?search.search=1759-0949","Cambridge University Press","GNRL","1759-0949","pjip_rank=43; open_access=HYBD; paper_length=Standard","2026-05-19"
"SRC_PJIP_20260519","PJIP Philosophy Journal Ranking Index","Midwest Studies in Philosophy","https://www.pjip.org/journal-profile.html?search.search=1475-4975","Philosophy Documentation Center","GNRL","1475-4975","pjip_rank=44; paper_length=Standard","2026-05-19"
"SRC_PJIP_20260519","PJIP Philosophy Journal Ranking Index","Croatian Journal of Philosophy","https://www.pjip.org/journal-profile.html?search.search=1847-6139","Institute of Philosophy","GNRL","1847-6139","pjip_rank=45; open_access=NOA; paper_length=Standard","2026-05-19"
"SRC_PJIP_20260519","PJIP Philosophy Journal Ranking Index","Asian Journal of Philosophy","https://www.pjip.org/journal-profile.html?search.search=2731-4642","Springer","GNRL","2731-4642","pjip_rank=46; open_access=HYBD; paper_length=Standard","2026-05-19"
"SRC_PJIP_20260519","PJIP Philosophy Journal Ranking Index","SATS â Northern European Journal of Philosophy","https://www.pjip.org/journal-profile.html?search.search=1869-7577","de Gruyter","GNRL","1869-7577","pjip_rank=47; open_access=HYBD; paper_length=Standard","2026-05-19"
"SRC_PJIP_20260519","PJIP Philosophy Journal Ranking Index","Grazer Philosophische Studien","https://www.pjip.org/journal-profile.html?search.search=1875-6735","Brill","GNRL","1875-6735","pjip_rank=48; open_access=HYBD; paper_length=Standard","2026-05-19"
"SRC_PJIP_20260519","PJIP Philosophy Journal Ranking Index","Philosophies","https://www.pjip.org/journal-profile.html?search.search=2409-9287","Multidisciplinary Digital Publishing Institute (MDPI)","GNRL","2409-9287","pjip_rank=49; open_access=POA; paper_length=Standard","2026-05-19"
"SRC_PJIP_20260519","PJIP Philosophy Journal Ranking Index","International Philosophical Quarterly","https://www.pjip.org/journal-profile.html?search.search=2153-8077","Philosophy Documentation Center","GNRL","2153-8077","pjip_rank=50; open_access=NOA; paper_length=Standard","2026-05-19"
"SRC_PJIP_20260519","PJIP Philosophy Journal Ranking Index","Res Philosophica","https://www.pjip.org/journal-profile.html?search.search=2168-9113","Philosophy Documentation Center","GNRL","2168-9113","pjip_rank=51; open_access=NOA; paper_length=Standard","2026-05-19"
"SRC_PJIP_20260519","PJIP Philosophy Journal Ranking Index","Philosophy Compass","https://www.pjip.org/journal-profile.html?search.search=1747-9991","Wiley","GNRL","1747-9991","pjip_rank=52; open_access=HYBD; paper_length=Short","2026-05-19"
"SRC_PJIP_20260519","PJIP Philosophy Journal Ranking Index","Australasian Philosophical Review","https://www.pjip.org/journal-profile.html?search.search=2474-0519","Taylor & Francis","GNRL","2474-0519","pjip_rank=53; open_access=HYBD; paper_length=Standard","2026-05-19"
"SRC_PJIP_20260519","PJIP Philosophy Journal Ranking Index","Pro-Fil","https://www.pjip.org/journal-profile.html?search.search=1212-9097","Masaryk University, Faculty of Arts, Department of Philosophy","GNRL","1212-9097","pjip_rank=54; open_access=DOA; paper_length=Standard","2026-05-19"
"SRC_PJIP_20260519","PJIP Philosophy Journal Ranking Index","Revista de Humanidades de Valparaiso","https://www.pjip.org/journal-profile.html?search.search=0719-4242","Universidad De Valparaiso, Chile","GNRL","0719-4242","pjip_rank=55; open_access=DOA; paper_length=Standard","2026-05-19"
"SRC_PJIP_20260519","PJIP Philosophy Journal Ranking Index","ETHICS","https://www.pjip.org/journal-profile.html?search.search=1539-297X","University of Chicago Press","ManP","1539-297X","pjip_rank=56; open_access=HYBD; paper_length=Standard","2026-05-19"
"SRC_PJIP_20260519","PJIP Philosophy Journal Ranking Index","Journal of Moral Philosophy","https://www.pjip.org/journal-profile.html?search.search=1745-5243","Brill","ManP","1745-5243","pjip_rank=57; open_access=HYBD; paper_length=Standard","2026-05-19"
"SRC_PJIP_20260519","PJIP Philosophy Journal Ranking Index","Utilitas","https://www.pjip.org/journal-profile.html?search.search=1741-6183","Cambridge University Press","ManP","1741-6183","pjip_rank=58; open_access=DOA; paper_length=Standard","2026-05-19"
"SRC_PJIP_20260519","PJIP Philosophy Journal Ranking Index","Journal of Ethics and Social Philosophy","https://www.pjip.org/journal-profile.html?search.search=1559-3061","Open Journal Systems","ManP","1559-3061","pjip_rank=59; open_access=DOA; paper_length=Standard","2026-05-19"
"SRC_PJIP_20260519","PJIP Philosophy Journal Ranking Index","Oxford Studies in Normative Ethics","https://www.pjip.org/journal-profile.html?search.search=Oxford Studies in Normative Ethics","Oxford University Press","ManP","Oxford Studies in Normative Ethics","pjip_rank=60; paper_length=Standard","2026-05-19"
"SRC_PJIP_20260519","PJIP Philosophy Journal Ranking Index","Oxford Studies in Metaethics","https://www.pjip.org/journal-profile.html?search.search=Oxford Studies in Metaethics","Oxford University Press","ManP","Oxford Studies in Metaethics","pjip_rank=61; paper_length=Standard","2026-05-19"
"SRC_PJIP_20260519","PJIP Philosophy Journal Ranking Index","Journal of Ethics","https://www.pjip.org/journal-profile.html?search.search=1572-8609","Springer","ManP","1572-8609","pjip_rank=62; open_access=HYBD; paper_length=Standard","2026-05-19"
"SRC_PJIP_20260519","PJIP Philosophy Journal Ranking Index","Ethical Theory and Moral Practice","https://www.pjip.org/journal-profile.html?search.search=1572-8447","Springer","ManP","1572-8447","pjip_rank=63; open_access=HYBD; paper_length=Standard","2026-05-19"
"SRC_PJIP_20260519","PJIP Philosophy Journal Ranking Index","Social Theory and Practice","https://www.pjip.org/journal-profile.html?search.search=2154-123X","Philosophy Documentation Center","ManP","2154-123X","pjip_rank=64; open_access=NOA; paper_length=Standard","2026-05-19"
"SRC_PJIP_20260519","PJIP Philosophy Journal Ranking Index","Journal of Applied Philosophy","https://www.pjip.org/journal-profile.html?search.search=1468-5930","Wiley","ManP","1468-5930","pjip_rank=65; open_access=HYBD; paper_length=Standard","2026-05-19"
"SRC_PJIP_20260519","PJIP Philosophy Journal Ranking Index","Social Philosophy and Policy","https://www.pjip.org/journal-profile.html?search.search=1471-6437","Cambridge University Press","ManP","1471-6437","pjip_rank=66; paper_length=Standard","2026-05-19"
"SRC_PJIP_20260519","PJIP Philosophy Journal Ranking Index","Journal of Social Philosophy","https://www.pjip.org/journal-profile.html?search.search=1467-9833","Wiley","ManP","1467-9833","pjip_rank=67; open_access=HYBD; paper_length=Standard","2026-05-19"
"SRC_PJIP_20260519","PJIP Philosophy Journal Ranking Index","Res Publica","https://www.pjip.org/journal-profile.html?search.search=1572-8692","Springer","ManP","1572-8692","pjip_rank=68; open_access=HYBD; paper_length=Standard","2026-05-19"
"SRC_PJIP_20260519","PJIP Philosophy Journal Ranking Index","Philosophy and Public Affairs","https://www.pjip.org/journal-profile.html?search.search=1088-4963","Wiley","ManP","1088-4963","pjip_rank=69; open_access=HYBD; paper_length=Standard","2026-05-19"
"SRC_PJIP_20260519","PJIP Philosophy Journal Ranking Index","Journal of Political Philosophy","https://www.pjip.org/journal-profile.html?search.search=1467-9760","Wiley","ManP","1467-9760","pjip_rank=70; open_access=HYBD; paper_length=Standard","2026-05-19"
"SRC_PJIP_20260519","PJIP Philosophy Journal Ranking Index","Economics and Philosophy","https://www.pjip.org/journal-profile.html?search.search=1474-0028","Cambridge University Press","ManP","1474-0028","pjip_rank=71; open_access=HYBD; paper_length=Standard","2026-05-19"
"SRC_PJIP_20260519","PJIP Philosophy Journal Ranking Index","Politics, Philosophy and Economics","https://www.pjip.org/journal-profile.html?search.search=1470-594X","SAGE","ManP","1470-594X","pjip_rank=72; open_access=HYBD; paper_length=Standard","2026-05-19"
"SRC_PJIP_20260519","PJIP Philosophy Journal Ranking Index","Oxford Studies in Political Philosophy","https://www.pjip.org/journal-profile.html?search.search=Oxford Studies in Political Philosophy","Oxford University Press","ManP","Oxford Studies in Political Philosophy","pjip_rank=73; paper_length=Standard","2026-05-19"
"SRC_PJIP_20260519","PJIP Philosophy Journal Ranking Index","Political Theory","https://www.pjip.org/journal-profile.html?search.search=1552-7476","SAGE","ManP","1552-7476","pjip_rank=74; open_access=HYBD; paper_length=Standard","2026-05-19"
"SRC_PJIP_20260519","PJIP Philosophy Journal Ranking Index","European Journal of Political Theory","https://www.pjip.org/journal-profile.html?search.search=1474-8851","SAGE","ManP","1474-8851","pjip_rank=75; open_access=HYBD; paper_length=Standard","2026-05-19"
"SRC_PJIP_20260519","PJIP Philosophy Journal Ranking Index","Public Affairs Quarterly","https://www.pjip.org/journal-profile.html?search.search=2152-0542","UI Press","ManP","2152-0542","pjip_rank=76; open_access=NOA; paper_length=Standard","2026-05-19"
"SRC_PJIP_20260519","PJIP Philosophy Journal Ranking Index","Analyse und Kritik","https://www.pjip.org/journal-profile.html?search.search=2365-9858","de Gruyter","ManP","2365-9858","pjip_rank=77; open_access=HYBD; paper_length=Standard","2026-05-19"
"SRC_PJIP_20260519","PJIP Philosophy Journal Ranking Index","Erasmus Journal for Philosophy and Economics","https://www.pjip.org/journal-profile.html?search.search=1876-9098","EIPE, Erasmus University Rotterdam","ManP","1876-9098","pjip_rank=78; open_access=DOA; paper_length=Standard","2026-05-19"
"SRC_PJIP_20260519","PJIP Philosophy Journal Ranking Index","Moral Philosophy and Politics","https://www.pjip.org/journal-profile.html?search.search=2194-5624","de Gruyter","ManP","2194-5624","pjip_rank=79; open_access=HYBD; paper_length=Standard","2026-05-19"
"SRC_PJIP_20260519","PJIP Philosophy Journal Ranking Index","British Journal for the Philosophy of Science","https://www.pjip.org/journal-profile.html?search.search=1464-3537","University of Chicago Press","PSci","1464-3537","pjip_rank=80; open_access=HYBD; paper_length=Standard","2026-05-19"
"SRC_PJIP_20260519","PJIP Philosophy Journal Ranking Index","European Journal for Philosophy of Science","https://www.pjip.org/journal-profile.html?search.search=1879-4920","Springer","PSci","1879-4920","pjip_rank=81; open_access=HYBD; paper_length=Standard","2026-05-19"
"SRC_PJIP_20260519","PJIP Philosophy Journal Ranking Index","International Studies in the Philosophy of Science","https://www.pjip.org/journal-profile.html?search.search=1469-9281","Taylor & Francis","PSci","1469-9281","pjip_rank=82; open_access=HYBD; paper_length=Standard","2026-05-19"
"SRC_PJIP_20260519","PJIP Philosophy Journal Ranking Index","Metascience","https://www.pjip.org/journal-profile.html?search.search=1467-9981","Springer","PSci","1467-9981","pjip_rank=83; paper_length=Standard","2026-05-19"
"SRC_PJIP_20260519","PJIP Philosophy Journal Ranking Index","Perspectives on Science","https://www.pjip.org/journal-profile.html?search.search=1530-9274","MIT Press","PSci","1530-9274","pjip_rank=84; open_access=HYBD; paper_length=Standard","2026-05-19"
"SRC_PJIP_20260519","PJIP Philosophy Journal Ranking Index","Philosophy of Science","https://www.pjip.org/journal-profile.html?search.search=1539-767X","Cambridge University Press","PSci","1539-767X","pjip_rank=85; open_access=HYBD; paper_length=Standard","2026-05-19"
"SRC_PJIP_20260519","PJIP Philosophy Journal Ranking Index","Studies in History and Philosophy of Science","https://www.pjip.org/journal-profile.html?search.search=1879-2510","Elsevier","PSci","1879-2510","pjip_rank=86; open_access=HYBD; paper_length=Standard","2026-05-19"
"SRC_PJIP_20260519","PJIP Philosophy Journal Ranking Index","Journal for General Philosophy of Science","https://www.pjip.org/journal-profile.html?search.search=1572-8587","Springer","PSci","1572-8587","pjip_rank=87; open_access=HYBD; paper_length=Standard","2026-05-19"
"SRC_PJIP_20260519","PJIP Philosophy Journal Ranking Index","Kairos. Journal of Philosophy and Science","https://www.pjip.org/journal-profile.html?search.search=1647-659X","de Gruyter","PSci","1647-659X","pjip_rank=88; open_access=DOA; paper_length=Standard","2026-05-19"
"SRC_PJIP_20260519","PJIP Philosophy Journal Ranking Index","Foundations of Physics","https://www.pjip.org/journal-profile.html?search.search=1572-9516","Springer","PSci","1572-9516","pjip_rank=89; open_access=HYBD; paper_length=Standard","2026-05-19"
"SRC_PJIP_20260519","PJIP Philosophy Journal Ranking Index","Philosophy of Physics","https://www.pjip.org/journal-profile.html?search.search=2753-5908","LSE Press","PSci","2753-5908","pjip_rank=90; open_access=DOA; paper_length=Standard","2026-05-19"
"SRC_PJIP_20260519","PJIP Philosophy Journal Ranking Index","Biology and Philosophy","https://www.pjip.org/journal-profile.html?search.search=1572-8404","Springer","PSci","1572-8404","pjip_rank=91; open_access=HYBD; paper_length=Standard","2026-05-19"
"SRC_PJIP_20260519","PJIP Philosophy Journal Ranking Index","Philosophy, Theory, and Practice in Biology","https://www.pjip.org/journal-profile.html?search.search=2475-3025","Michigan Publishing Services","PSci","2475-3025","pjip_rank=92; open_access=DOA; paper_length=Standard","2026-05-19"
"SRC_PJIP_20260519","PJIP Philosophy Journal Ranking Index","Biological Theory","https://www.pjip.org/journal-profile.html?search.search=1555-5550","Springer","PSci","1555-5550","pjip_rank=93; open_access=HYBD; paper_length=Standard","2026-05-19"
"SRC_PJIP_20260519","PJIP Philosophy Journal Ranking Index","Foundations of Chemistry","https://www.pjip.org/journal-profile.html?search.search=1572-8463","Springer","PSci","1572-8463","pjip_rank=94; open_access=HYBD; paper_length=Standard","2026-05-19"
"SRC_PJIP_20260519","PJIP Philosophy Journal Ranking Index","Philosophy of the Social Sciences","https://www.pjip.org/journal-profile.html?search.search=1552-7441","SAGE","PSci","1552-7441","pjip_rank=95; open_access=HYBD; paper_length=Standard","2026-05-19"
"SRC_PJIP_20260519","PJIP Philosophy Journal Ranking Index","Journal of Medicine and Philosophy","https://www.pjip.org/journal-profile.html?search.search=1744-5019","Oxford University Press","PSci","1744-5019","pjip_rank=96; open_access=HYBD; paper_length=Standard","2026-05-19"
"SRC_PJIP_20260519","PJIP Philosophy Journal Ranking Index","Philosophy of Medicine","https://www.pjip.org/journal-profile.html?search.search=2692-3963","Pitt Open Library Publishing","PSci","2692-3963","pjip_rank=97; open_access=DOA; paper_length=Standard","2026-05-19"
"SRC_PJIP_20260519","PJIP Philosophy Journal Ranking Index","British Journal for the History of Science","https://www.pjip.org/journal-profile.html?search.search=1474-001X","Cambridge University Press","HSci","1474-001X","pjip_rank=98; open_access=HYBD; paper_length=Standard","2026-05-19"
"SRC_PJIP_20260519","PJIP Philosophy Journal Ranking Index","HOPOS","https://www.pjip.org/journal-profile.html?search.search=2156-6240","University of Chicago Press","HSci","2156-6240","pjip_rank=99; open_access=HYBD; paper_length=Standard","2026-05-19"
"SRC_PJIP_20260519","PJIP Philosophy Journal Ranking Index","History and Philosophy of the Life Sciences","https://www.pjip.org/journal-profile.html?search.search=1742-6316","Springer","HSci","1742-6316","pjip_rank=100; open_access=HYBD; paper_length=Standard","2026-05-19"
"SRC_PJIP_20260519","PJIP Philosophy Journal Ranking Index","Journal of the History of Biology","https://www.pjip.org/journal-profile.html?search.search=1573-0387","Springer","HSci","1573-0387","pjip_rank=101; open_access=HYBD; paper_length=Standard","2026-05-19"
"SRC_PJIP_20260519","PJIP Philosophy Journal Ranking Index","ISIS","https://www.pjip.org/journal-profile.html?search.search=1545-6994","University of Chicago Press","HSci","1545-6994","pjip_rank=102; open_access=HYBD; paper_length=Standard","2026-05-19"
"SRC_PJIP_20260519","PJIP Philosophy Journal Ranking Index","Osiris","https://www.pjip.org/journal-profile.html?search.search=1933-8287","University of Chicago","HSci","1933-8287","pjip_rank=103; paper_length=Standard","2026-05-19"
"SRC_PJIP_20260519","PJIP Philosophy Journal Ranking Index","British Journal for the History of Philosophy","https://www.pjip.org/journal-profile.html?search.search=1469-3526","Taylor & Francis","HanA","1469-3526","pjip_rank=104; open_access=HYBD; paper_length=Standard","2026-05-19"
"SRC_PJIP_20260519","PJIP Philosophy Journal Ranking Index","Journal of the History of Philosophy","https://www.pjip.org/journal-profile.html?search.search=1538-4586","Johns Hopkins University Press","HanA","1538-4586","pjip_rank=105; open_access=NOA; paper_length=Standard","2026-05-19"
"SRC_PJIP_20260519","PJIP Philosophy Journal Ranking Index","Journal of the Philosophy of History","https://www.pjip.org/journal-profile.html?search.search=1872-2636","Brill","HanA","1872-2636","pjip_rank=106; open_access=HYBD; paper_length=Standard","2026-05-19"
"SRC_PJIP_20260519","PJIP Philosophy Journal Ranking Index","History of Philosophy Quarterly","https://www.pjip.org/journal-profile.html?search.search=2152-1026","University of Illinois Press","HanA","2152-1026","pjip_rank=107; open_access=NOA; paper_length=Standard","2026-05-19"
"SRC_PJIP_20260519","PJIP Philosophy Journal Ranking Index","Epoche","https://www.pjip.org/journal-profile.html?search.search=2153-8603","Philosophy Documentation Center","HanA","2153-8603","pjip_rank=108; open_access=HYBD; paper_length=Standard","2026-05-19"
"SRC_PJIP_20260519","PJIP Philosophy Journal Ranking Index","History of Philosophy and Logical Analysis","https://www.pjip.org/journal-profile.html?search.search=2666-4275","Brill","HanA","2666-4275","pjip_rank=109; open_access=HYBD; paper_length=Standard","2026-05-19"
"SRC_PJIP_20260519","PJIP Philosophy Journal Ranking Index","Journal of the History of Ideas","https://www.pjip.org/journal-profile.html?search.search=1086-3222","University of Pennsylvania Press","HanA","1086-3222","pjip_rank=110; open_access=NOA; paper_length=Standard","2026-05-19"
"SRC_PJIP_20260519","PJIP Philosophy Journal Ranking Index","History of European Ideas","https://www.pjip.org/journal-profile.html?search.search=1873-541X","Taylor & Francis","HanA","1873-541X","pjip_rank=111; open_access=HYBD; paper_length=Standard","2026-05-19"
"SRC_PJIP_20260519","PJIP Philosophy Journal Ranking Index","Journal of the History of Analytical Philosophy","https://www.pjip.org/journal-profile.html?search.search=2159-0303","University of Victoria","HanA","2159-0303","pjip_rank=112; open_access=DOA; paper_length=Standard","2026-05-19"
"SRC_PJIP_20260519","PJIP Philosophy Journal Ranking Index","Archiv fur Geschichte der Philosophie","https://www.pjip.org/journal-profile.html?search.search=1613-0650","de Gruyter","HanA","1613-0650","pjip_rank=113; open_access=HYBD; paper_length=Standard","2026-05-19"
"SRC_PJIP_20260519","PJIP Philosophy Journal Ranking Index","History of the Human Sciences","https://www.pjip.org/journal-profile.html?search.search=1461-720X","SAGE","HanA","1461-720X","pjip_rank=114; open_access=HYBD; paper_length=Standard","2026-05-19"
"SRC_PJIP_20260519","PJIP Philosophy Journal Ranking Index","Phronesis","https://www.pjip.org/journal-profile.html?search.search=1568-5284","Brill","HanA","1568-5284","pjip_rank=115; open_access=HYBD; paper_length=Standard","2026-05-19"
"SRC_PJIP_20260519","PJIP Philosophy Journal Ranking Index","Ancient Philosophy","https://www.pjip.org/journal-profile.html?search.search=2154-4689","Philosophy Documentation Center","HanA","2154-4689","pjip_rank=116; open_access=HYBD; paper_length=Standard","2026-05-19"
"SRC_PJIP_20260519","PJIP Philosophy Journal Ranking Index","Oxford Studies in Ancient Philosophy","https://www.pjip.org/journal-profile.html?search.search=Oxford Studies in Ancient Philosophy","Oxford University Press","HanA","Oxford Studies in Ancient Philosophy","pjip_rank=117; open_access=NOA; paper_length=Standard","2026-05-19"
"SRC_PJIP_20260519","PJIP Philosophy Journal Ranking Index","Apeiron","https://www.pjip.org/journal-profile.html?search.search=2156-7093","de Gruyter","HanA","2156-7093","pjip_rank=118; open_access=HYBD; paper_length=Standard","2026-05-19"
"SRC_PJIP_20260519","PJIP Philosophy Journal Ranking Index","Journal of Ancient Philosophy","https://www.pjip.org/journal-profile.html?search.search=1981-9471","Department of Philosophy of the Universidade de SÃ£o Paulo","HanA","1981-9471","pjip_rank=119; open_access=DOA; paper_length=Standard","2026-05-19"
"SRC_PJIP_20260519","PJIP Philosophy Journal Ranking Index","Polis","https://www.pjip.org/journal-profile.html?search.search=2051-2996","Brill","HanA","2051-2996","pjip_rank=120; open_access=HYBD; paper_length=Standard","2026-05-19"
"SRC_PJIP_20260519","PJIP Philosophy Journal Ranking Index","Plato Journal","https://www.pjip.org/journal-profile.html?search.search=2183-4105","Coimbra University Press","HanA","2183-4105","pjip_rank=121; open_access=DOA; paper_length=Standard","2026-05-19"
"SRC_PJIP_20260519","PJIP Philosophy Journal Ranking Index","International Journal of Platonic Tradition","https://www.pjip.org/journal-profile.html?search.search=1872-5473","Brill","HanA","1872-5473","pjip_rank=122; open_access=HYBD; paper_length=Standard","2026-05-19"
"SRC_PJIP_20260519","PJIP Philosophy Journal Ranking Index","Journal of Philosophical Logic","https://www.pjip.org/journal-profile.html?search.search=1573-0433","Springer","LGIC","1573-0433","pjip_rank=123; open_access=HYBD; paper_length=Standard","2026-05-19"
"SRC_PJIP_20260519","PJIP Philosophy Journal Ranking Index","Journal of Symbolic Logic","https://www.pjip.org/journal-profile.html?search.search=1943-5886","Cambridge University Press","LGIC","1943-5886","pjip_rank=124; open_access=HYBD; paper_length=Standard","2026-05-19"
"SRC_PJIP_20260519","PJIP Philosophy Journal Ranking Index","Journal of Logic and Computation","https://www.pjip.org/journal-profile.html?search.search=1465-363X","Oxford University Press","LGIC","1465-363X","pjip_rank=125; open_access=HYBD; paper_length=Standard","2026-05-19"
"SRC_PJIP_20260519","PJIP Philosophy Journal Ranking Index","Logica Universalis","https://www.pjip.org/journal-profile.html?search.search=1661-8300","Springer","LGIC","1661-8300","pjip_rank=126; open_access=HYBD; paper_length=Standard","2026-05-19"
"SRC_PJIP_20260519","PJIP Philosophy Journal Ranking Index","Bulletin of Symbolic Logic","https://www.pjip.org/journal-profile.html?search.search=1943-5894","Cambridge University Press","LGIC","1943-5894","pjip_rank=127; open_access=HYBD; paper_length=Standard","2026-05-19"
"SRC_PJIP_20260519","PJIP Philosophy Journal Ranking Index","Notre Dame Journal of Formal Logic","https://www.pjip.org/journal-profile.html?search.search=1939-0726","Duke University Press","LGIC","1939-0726","pjip_rank=128; open_access=NOA; paper_length=Standard","2026-05-19"
"SRC_PJIP_20260519","PJIP Philosophy Journal Ranking Index","Journal of Mathematical Logic","https://www.pjip.org/journal-profile.html?search.search=1793-6691","World Scientific","LGIC","1793-6691","pjip_rank=129; open_access=HYBD; paper_length=Standard","2026-05-19"
"SRC_PJIP_20260519","PJIP Philosophy Journal Ranking Index","Journal of Logic and Analysis","https://www.pjip.org/journal-profile.html?search.search=1759-9008","Journal of Logic and Analysis","LGIC","1759-9008","pjip_rank=130; open_access=DOA; paper_length=Standard","2026-05-19"
"SRC_PJIP_20260519","PJIP Philosophy Journal Ranking Index","Mathematical Logic Quarterly","https://www.pjip.org/journal-profile.html?search.search=1521-3870","Wiley","LGIC","1521-3870","pjip_rank=131; open_access=HYBD; paper_length=Standard","2026-05-19"
"SRC_PJIP_20260519","PJIP Philosophy Journal Ranking Index","Linguistics and Philosophy","https://www.pjip.org/journal-profile.html?search.search=1573-0549","Springer","LGIC","1573-0549","pjip_rank=132; open_access=HYBD; paper_length=Standard","2026-05-19"
"SRC_PJIP_20260519","PJIP Philosophy Journal Ranking Index","Natural Language Semantics","https://www.pjip.org/journal-profile.html?search.search=1572-865X","Springer","LGIC","1572-865X","pjip_rank=133; open_access=HYBD; paper_length=Standard","2026-05-19"
"SRC_PJIP_20260519","PJIP Philosophy Journal Ranking Index","American Catholic Philosophical Quarterly","https://www.pjip.org/journal-profile.html?search.search=2153-8441","Philosophy Documentation Center","RLGN","2153-8441","pjip_rank=134; open_access=NOA; paper_length=Standard","2026-05-19"
"SRC_PJIP_20260519","PJIP Philosophy Journal Ranking Index","Christian Bioethics","https://www.pjip.org/journal-profile.html?search.search=1744-4195","Oxford University Press","RLGN","1744-4195","pjip_rank=135; open_access=HYBD; paper_length=Standard","2026-05-19"
"SRC_PJIP_20260519","PJIP Philosophy Journal Ranking Index","European Journal for Philosophy of Religion","https://www.pjip.org/journal-profile.html?search.search=1689-8311","European Journal for Philosophy of Religion","RLGN","1689-8311","pjip_rank=136; open_access=NOA; paper_length=Standard","2026-05-19"
"SRC_PJIP_20260519","PJIP Philosophy Journal Ranking Index","Faith and Philosophy","https://www.pjip.org/journal-profile.html?search.search=0739-7046","Society of Christian Philosophers","RLGN","0739-7046","pjip_rank=137; open_access=DOA; paper_length=Standard","2026-05-19"
"SRC_PJIP_20260519","PJIP Philosophy Journal Ranking Index","Heythrop Journal","https://www.pjip.org/journal-profile.html?search.search=1468-2265","Wiley","RLGN","1468-2265","pjip_rank=138; open_access=HYBD; paper_length=Standard","2026-05-19"
"SRC_PJIP_20260519","PJIP Philosophy Journal Ranking Index","International Journal of Philosophy and Theology","https://www.pjip.org/journal-profile.html?search.search=2169-2335","Taylor & Francis","RLGN","2169-2335","pjip_rank=139; open_access=HYBD; paper_length=Standard","2026-05-19"
"SRC_PJIP_20260519","PJIP Philosophy Journal Ranking Index","International Journal for Philosophy of Religion","https://www.pjip.org/journal-profile.html?search.search=1572-8684","Springer","RLGN","1572-8684","pjip_rank=140; open_access=HYBD; paper_length=Standard","2026-05-19"
"SRC_PJIP_20260519","PJIP Philosophy Journal Ranking Index","Journal of Analytic Theology","https://www.pjip.org/journal-profile.html?search.search=2330-2380","Journal of Analytic Theology","RLGN","2330-2380","pjip_rank=141; open_access=DOA; paper_length=Standard","2026-05-19"
"SRC_PJIP_20260519","PJIP Philosophy Journal Ranking Index","Journal of Religion","https://www.pjip.org/journal-profile.html?search.search=1549-6538","University of Chicago","RLGN","1549-6538","pjip_rank=142; open_access=HYBD; paper_length=Standard","2026-05-19"
"SRC_PJIP_20260519","PJIP Philosophy Journal Ranking Index","Religious Studies","https://www.pjip.org/journal-profile.html?search.search=1469-901X","Cambridge University Press","RLGN","1469-901X","pjip_rank=143; open_access=HYBD; paper_length=Standard","2026-05-19"
"SRC_PJIP_20260519","PJIP Philosophy Journal Ranking Index","Sophia","https://www.pjip.org/journal-profile.html?search.search=1873-930X","Springer","RLGN","1873-930X","pjip_rank=144; open_access=HYBD; paper_length=Standard","2026-05-19"
"SRC_PJIP_20260519","PJIP Philosophy Journal Ranking Index","Zygon","https://www.pjip.org/journal-profile.html?search.search=1467-9744","Open Library of Humanities","RLGN","1467-9744","pjip_rank=145; open_access=DOA; paper_length=Standard","2026-05-19"
"SRC_PJIP_20260519","PJIP Philosophy Journal Ranking Index","Journal of French and Francophone Philosophy","https://www.pjip.org/journal-profile.html?search.search=2155-1162","Pitt Open Library Publishing","REGN","2155-1162","pjip_rank=146; open_access=DOA; paper_length=Standard","2026-05-19"
"SRC_PJIP_20260519","PJIP Philosophy Journal Ranking Index","Journal of Scottish Philosophy","https://www.pjip.org/journal-profile.html?search.search=1755-2001","Edinburgh University Press","REGN","1755-2001","pjip_rank=147; open_access=HYBD; paper_length=Standard","2026-05-19"
"SRC_PJIP_20260519","PJIP Philosophy Journal Ranking Index","Philosophia Africana","https://www.pjip.org/journal-profile.html?search.search=1539-8250","NoData","REGN","1539-8250","pjip_rank=148; open_access=NOA; paper_length=Standard","2026-05-19"
"SRC_PJIP_20260519","PJIP Philosophy Journal Ranking Index","INTELLECTUS","https://www.pjip.org/journal-profile.html?search.search=2787-0316","Rosey International Foundation","REGN","2787-0316","pjip_rank=149; open_access=DOA; paper_length=Standard","2026-05-19"
"SRC_PJIP_20260519","PJIP Philosophy Journal Ranking Index","Filosofia Theoretica","https://www.pjip.org/journal-profile.html?search.search=2408-5987","Calabar School of Philosophy","REGN","2408-5987","pjip_rank=150; open_access=DOA; paper_length=Standard","2026-05-19"
"SRC_PJIP_20260519","PJIP Philosophy Journal Ranking Index","Asian Philosophy","https://www.pjip.org/journal-profile.html?search.search=1469-2961","Taylor & Francis","REGN","1469-2961","pjip_rank=151; open_access=HYBD; paper_length=Standard","2026-05-19"
"SRC_PJIP_20260519","PJIP Philosophy Journal Ranking Index","The Journal of East Asian Philosophy","https://www.pjip.org/journal-profile.html?search.search=2730-5414","Springer","REGN","2730-5414","pjip_rank=152; open_access=HYBD; paper_length=Standard","2026-05-19"
"SRC_PJIP_20260519","PJIP Philosophy Journal Ranking Index","Philosophy East and West","https://www.pjip.org/journal-profile.html?search.search=1529-1898","University of Hawaii Press","REGN","1529-1898","pjip_rank=153; open_access=NOA; paper_length=Standard","2026-05-19"
"SRC_PJIP_20260519","PJIP Philosophy Journal Ranking Index","Journal of Indian Philosophy","https://www.pjip.org/journal-profile.html?search.search=1573-0395","Springer","REGN","1573-0395","pjip_rank=154; open_access=HYBD; paper_length=Standard","2026-05-19"
"SRC_PJIP_20260519","PJIP Philosophy Journal Ranking Index","Journal of Chinese Philosophy","https://www.pjip.org/journal-profile.html?search.search=1540-6253","Brill","REGN","1540-6253","pjip_rank=155; open_access=HYBD; paper_length=Standard","2026-05-19"
"SRC_PJIP_20260519","PJIP Philosophy Journal Ranking Index","The Journal of Japanese Philosophy","https://www.pjip.org/journal-profile.html?search.search=2327-0209","SUNY Press","REGN","2327-0209","pjip_rank=156; open_access=NOA; paper_length=Standard","2026-05-19"
"SRC_PJIP_20260519","PJIP Philosophy Journal Ranking Index","Pluralist","https://www.pjip.org/journal-profile.html?search.search=1944-6489","University of Illinois Press","REGN","1944-6489","pjip_rank=157; open_access=NOA; paper_length=Standard","2026-05-19"
"SRC_PJIP_20260519","PJIP Philosophy Journal Ranking Index","Journal of Mexican Philosophy","https://www.pjip.org/journal-profile.html?search.search=2831-4190","Journal of Mexican Philosophy","REGN","2831-4190","pjip_rank=158; open_access=DOA; paper_length=Standard","2026-05-19"
"SRC_PJIP_20260519","PJIP Philosophy Journal Ranking Index","European Journal of Pragmatism and American Philosophy","https://www.pjip.org/journal-profile.html?search.search=2036-4091","Associazone culturale Pragma","REGN","2036-4091","pjip_rank=159; open_access=DOA; paper_length=Standard","2026-05-19"
"SRC_PJIP_20260519","PJIP Philosophy Journal Ranking Index","Journal of Indian Council of Philosophical Research","https://www.pjip.org/journal-profile.html?search.search=2363-9962","Springer","REGN","2363-9962","pjip_rank=160; open_access=HYBD; paper_length=Standard","2026-05-19"
"SRC_PJIP_20260519","PJIP Philosophy Journal Ranking Index","Mind and Language","https://www.pjip.org/journal-profile.html?search.search=1468-0017","Wiley","MIND","1468-0017","pjip_rank=161; open_access=HYBD; paper_length=Standard","2026-05-19"
"SRC_PJIP_20260519","PJIP Philosophy Journal Ranking Index","Philosophical Psychology","https://www.pjip.org/journal-profile.html?search.search=1465-394X","Taylor & Francis","MIND","1465-394X","pjip_rank=162; open_access=HYBD; paper_length=Standard","2026-05-19"
"SRC_PJIP_20260519","PJIP Philosophy Journal Ranking Index","Journal of Consciousness Studies","https://www.pjip.org/journal-profile.html?search.search=1355-8250","Imprint Academic","MIND","1355-8250","pjip_rank=163; open_access=HYBD; paper_length=Standard","2026-05-19"
"SRC_PJIP_20260519","PJIP Philosophy Journal Ranking Index","Review of Philosophy and Psychology","https://www.pjip.org/journal-profile.html?search.search=1878-5166","Springer","MIND","1878-5166","pjip_rank=164; open_access=HYBD; paper_length=Standard","2026-05-19"
"SRC_PJIP_20260519","PJIP Philosophy Journal Ranking Index","Phenomenology and the Cognitive Sciences","https://www.pjip.org/journal-profile.html?search.search=1572-8676","Springer","MIND","1572-8676","pjip_rank=165; open_access=HYBD; paper_length=Standard","2026-05-19"
"SRC_PJIP_20260519","PJIP Philosophy Journal Ranking Index","Journal of Theoretical and Philosophical Psychology","https://www.pjip.org/journal-profile.html?search.search=2151-3341","American Psychological Association","MIND","2151-3341","pjip_rank=166; paper_length=Standard","2026-05-19"
"SRC_PJIP_20260519","PJIP Philosophy Journal Ranking Index","Philosophical Explorations","https://www.pjip.org/journal-profile.html?search.search=1741-5918","Taylor & Francis","MIND","1741-5918","pjip_rank=167; open_access=HYBD; paper_length=Standard","2026-05-19"
"SRC_PJIP_20260519","PJIP Philosophy Journal Ranking Index","Metaphysics Journal","https://www.pjip.org/journal-profile.html?search.search=2515-8279","Ubiquity Press","META","2515-8279","pjip_rank=168; open_access=DOA; paper_length=Standard","2026-05-19"
"SRC_PJIP_20260519","PJIP Philosophy Journal Ranking Index","Review of Metaphysics","https://www.pjip.org/journal-profile.html?search.search=2154-1302","Philosophy Education Society, Inc.","GNRL","2154-1302","pjip_rank=169; open_access=NOA; paper_length=Standard","2026-05-19"
"SRC_PJIP_20260519","PJIP Philosophy Journal Ranking Index","Metaphysica","https://www.pjip.org/journal-profile.html?search.search=1874-6373","de Gruyter","META","1874-6373","pjip_rank=170; open_access=HYBD; paper_length=Standard","2026-05-19"
"SRC_PJIP_20260519","PJIP Philosophy Journal Ranking Index","Oxford Studies in Metaphysics","https://www.pjip.org/journal-profile.html?search.search=Oxford Studies in Metaphysics","Oxford University Press","META","Oxford Studies in Metaphysics","pjip_rank=171; paper_length=Standard","2026-05-19"
"SRC_PJIP_20260519","PJIP Philosophy Journal Ranking Index","Metaphilosophy","https://www.pjip.org/journal-profile.html?search.search=1467-9973","Wiley","GNRL","1467-9973","pjip_rank=172; open_access=HYBD; paper_length=Standard","2026-05-19"
"SRC_PJIP_20260519","PJIP Philosophy Journal Ranking Index","Episteme","https://www.pjip.org/journal-profile.html?search.search=1750-0117","Cambridge University Press","EPIS","1750-0117","pjip_rank=173; open_access=HYBD; paper_length=Standard","2026-05-19"
"SRC_PJIP_20260519","PJIP Philosophy Journal Ranking Index","Social Epistemology","https://www.pjip.org/journal-profile.html?search.search=1464-5297","Taylor & Francis","EPIS","1464-5297","pjip_rank=174; open_access=HYBD; paper_length=Standard","2026-05-19"
"SRC_PJIP_20260519","PJIP Philosophy Journal Ranking Index","Principia","https://www.pjip.org/journal-profile.html?search.search=1808-1711","Universidade Federal de Santa Catarina","EPIS","1808-1711","pjip_rank=175; open_access=DOA; paper_length=Standard","2026-05-19"
"SRC_PJIP_20260519","PJIP Philosophy Journal Ranking Index","Logos and Episteme","https://www.pjip.org/journal-profile.html?search.search=2069-3052","Gheorghe Zane Institute for Economic and Social Research, Romanian Academy, Iasi Branch","EPIS","2069-3052","pjip_rank=176; open_access=POA; paper_length=Standard","2026-05-19"
"SRC_PJIP_20260519","PJIP Philosophy Journal Ranking Index","Epistemology and Philosophy of Science","https://www.pjip.org/journal-profile.html?search.search=2311-7133","Institute of Philosophy, Russian Academy of Sciences","EPIS","2311-7133","pjip_rank=177; open_access=POA; paper_length=Standard","2026-05-19"
"SRC_PJIP_20260519","PJIP Philosophy Journal Ranking Index","Hypatia","https://www.pjip.org/journal-profile.html?search.search=1527-2001","Cambridge University Press","FMST","1527-2001","pjip_rank=178; open_access=HYBD; paper_length=Standard","2026-05-19"
"SRC_PJIP_20260519","PJIP Philosophy Journal Ranking Index","Feminist Philosophy Quarterly","https://www.pjip.org/journal-profile.html?search.search=2371-2570","Western Libraries","FMST","2371-2570","pjip_rank=179; open_access=DOA; paper_length=Standard","2026-05-19"
"SRC_PJIP_20260519","PJIP Philosophy Journal Ranking Index","philoSOPHIA","https://www.pjip.org/journal-profile.html?search.search=2155-0905","SUNY Press","FMST","2155-0905","pjip_rank=180; open_access=NOA; paper_length=Standard","2026-05-19"
"SRC_PJIP_20260519","PJIP Philosophy Journal Ranking Index","Feminist Theory","https://www.pjip.org/journal-profile.html?search.search=1741-2773","SAGE","FMST","1741-2773","pjip_rank=181; open_access=HYBD; paper_length=Standard","2026-05-19"
"SRC_PJIP_20260519","PJIP Philosophy Journal Ranking Index","Comparative and Continental Philosophy","https://www.pjip.org/journal-profile.html?search.search=1757-0646","Taylor & Francis","CNTL","1757-0646","pjip_rank=182; open_access=HYBD; paper_length=Standard","2026-05-19"
"SRC_PJIP_20260519","PJIP Philosophy Journal Ranking Index","Continental Philosophy Review","https://www.pjip.org/journal-profile.html?search.search=1573-1103","Springer","CNTL","1573-1103","pjip_rank=183; open_access=HYBD; paper_length=Standard","2026-05-19"
"SRC_PJIP_20260519","PJIP Philosophy Journal Ranking Index","Journal of Speculative Philosophy","https://www.pjip.org/journal-profile.html?search.search=1527-9383","Penn State University Press","CNTL","1527-9383","pjip_rank=184; open_access=NOA; paper_length=Standard","2026-05-19"
"SRC_PJIP_20260519","PJIP Philosophy Journal Ranking Index","Journal of the British Society for Phenomenology","https://www.pjip.org/journal-profile.html?search.search=2332-0486","Taylor & Francis","CNTL","2332-0486","pjip_rank=185; open_access=HYBD; paper_length=Standard","2026-05-19"
"SRC_PJIP_20260519","PJIP Philosophy Journal Ranking Index","Research in Phenomenology","https://www.pjip.org/journal-profile.html?search.search=1569-1640","Brill","CNTL","1569-1640","pjip_rank=186; open_access=HYBD; paper_length=Standard","2026-05-19"
"SRC_PJIP_20260519","PJIP Philosophy Journal Ranking Index","British Journal of Aesthetics","https://www.pjip.org/journal-profile.html?search.search=1468-2842","Oxford University Press","AAL","1468-2842","pjip_rank=187; open_access=HYBD; paper_length=Standard","2026-05-19"
"SRC_PJIP_20260519","PJIP Philosophy Journal Ranking Index","Journal of Value Inquiry","https://www.pjip.org/journal-profile.html?search.search=1573-0492","Springer","AAL","1573-0492","pjip_rank=188; open_access=HYBD; paper_length=Standard","2026-05-19"
"SRC_PJIP_20260519","PJIP Philosophy Journal Ranking Index","Journal of Aesthetics and Art Criticism","https://www.pjip.org/journal-profile.html?search.search=1540-6245","Oxford University Press","AAL","1540-6245","pjip_rank=189; open_access=HYBD; paper_length=Standard","2026-05-19"
"SRC_PJIP_20260519","PJIP Philosophy Journal Ranking Index","Political Philosophy","https://www.pjip.org/journal-profile.html?search.search=3033-3830","Open Library of Humanities","ManP","3033-3830","pjip_rank=190; open_access=DOA; paper_length=Standard","2026-05-19"
"SRC_PJIP_20260519","PJIP Philosophy Journal Ranking Index","Philosophical Exchange","https://www.pjip.org/journal-profile.html?search.search=2996-0126","Taylor & Francis","GNRL","2996-0126","pjip_rank=191; open_access=POA; paper_length=Short","2026-05-19"
"SRC_PJIP_20260519","PJIP Philosophy Journal Ranking Index","Philosophical Problems in Science","https://www.pjip.org/journal-profile.html?search.search=2451-0602","Copernicus Center Press","PSci","2451-0602","pjip_rank=192; open_access=DOA; paper_length=Standard","2026-05-19"
"SRC_PJIP_20260519","PJIP Philosophy Journal Ranking Index","Acta Baltica Historiae et Philosophiae Scientiarum","https://www.pjip.org/journal-profile.html?search.search=2228-2017","Baltic Association of the History and Philosophy of Science","HSci","2228-2017","pjip_rank=193; open_access=DOA; paper_length=Standard","2026-05-19"
"SRC_PJIP_20260519","PJIP Philosophy Journal Ranking Index","Organon F","https://www.pjip.org/journal-profile.html?search.search=2585-7150","Slovak Academy of Sciences - Inst of Philosophy","GNRL","2585-7150","pjip_rank=194; open_access=DOA; paper_length=Standard","2026-05-19"
"SRC_PJIP_20260519","PJIP Philosophy Journal Ranking Index","Humana Mente","https://www.pjip.org/journal-profile.html?search.search=1972-1293","Humana Mente","GNRL","1972-1293","pjip_rank=195; open_access=DOA; paper_length=Standard","2026-05-19"
"SRC_PJIP_20260519","PJIP Philosophy Journal Ranking Index","Ideas y Valores","https://www.pjip.org/journal-profile.html?search.search=2011-3668Â ","Universidad Nacional de Colombia","GNRL","2011-3668Â ","pjip_rank=196; open_access=DOA; paper_length=Standard","2026-05-19"
"SRC_PJIP_20260519","PJIP Philosophy Journal Ranking Index","Estudios de Filosofia","https://www.pjip.org/journal-profile.html?search.search=2256-358X","Universidad de Antioquia","GNRL","2256-358X","pjip_rank=197; open_access=DOA; paper_length=Standard","2026-05-19"
"SRC_PJIP_20260519","PJIP Philosophy Journal Ranking Index","Critica-Revista Hispanoamericana de Filosofia","https://www.pjip.org/journal-profile.html?search.search=1870-4905","Universidad Nacional Autonoma de Mexico, Instituto de Investigaciones Filosoficas","GNRL","1870-4905","pjip_rank=198; open_access=DOA; paper_length=Standard","2026-05-19"
"SRC_PJIP_20260519","PJIP Philosophy Journal Ranking Index","Manuscrito","https://www.pjip.org/journal-profile.html?search.search=2317-630X","Universidade Estadual de Campinas - UNICAMP, Centro de Logica, Epistemologia e Historia da Ciencia","GNRL","2317-630X","pjip_rank=199; open_access=DOA; paper_length=Standard","2026-05-19"
"SRC_PJIP_20260519","PJIP Philosophy Journal Ranking Index","Filosofia Unisinos","https://www.pjip.org/journal-profile.html?search.search=1984-8234","Universidade do Vale do Rio dos Sinos","GNRL","1984-8234","pjip_rank=200; open_access=DOA; paper_length=Standard","2026-05-19"
"SRC_PJIP_20260519","PJIP Philosophy Journal Ranking Index","Topicos (Mexico)","https://www.pjip.org/journal-profile.html?search.search=2007-8498","Universidad Panamericana","GNRL","2007-8498","pjip_rank=201; open_access=DOA; paper_length=Standard","2026-05-19"
"SRC_PJIP_20260519","PJIP Philosophy Journal Ranking Index","Analisis Filosofico","https://www.pjip.org/journal-profile.html?search.search=1851-9636","Sociedad Argentina de Analisis Filosofico","GNRL","1851-9636","pjip_rank=202; open_access=DOA; paper_length=Standard","2026-05-19"
"SRC_PJIP_20260519","PJIP Philosophy Journal Ranking Index","Revista de Filosofia: Aurora","https://www.pjip.org/journal-profile.html?search.search=2965-1565","Pontificia Universidade Catolica do Parana","GNRL","2965-1565","pjip_rank=203; open_access=DOA; paper_length=Standard","2026-05-19"
"SRC_PJIP_20260519","PJIP Philosophy Journal Ranking Index","THEORIA (Spain)","https://www.pjip.org/journal-profile.html?search.search=2171-679X","UPV/EHU Press","GNRL","2171-679X","pjip_rank=204; open_access=DOA; paper_length=Standard","2026-05-19"
"SRC_PJIP_20260519","PJIP Philosophy Journal Ranking Index","Husserl Studies","https://www.pjip.org/journal-profile.html?search.search=1572-8501","Springer","CNTL","1572-8501","pjip_rank=205; open_access=HYBD; paper_length=Standard","2026-05-19"
"SRC_PJIP_20260519","PJIP Philosophy Journal Ranking Index","Kantian Review","https://www.pjip.org/journal-profile.html?search.search=2044-2394","Cambridge University Press","CNTL","2044-2394","pjip_rank=206; open_access=HYBD; paper_length=Standard","2026-05-19"
"SRC_PJIP_20260519","PJIP Philosophy Journal Ranking Index","Sartre Studies International","https://www.pjip.org/journal-profile.html?search.search=1558-5476","Berghahn","CNTL","1558-5476","pjip_rank=207; paper_length=Standard","2026-05-19"
"SRC_PJIP_20260519","PJIP Philosophy Journal Ranking Index","Deleuze and Guattari Studies","https://www.pjip.org/journal-profile.html?search.search=2398-9785","Edinburgh University Press","CNTL","2398-9785","pjip_rank=208; open_access=HYBD; paper_length=Standard","2026-05-19"
"SRC_PJIP_20260519","PJIP Philosophy Journal Ranking Index","Kant-Studien","https://www.pjip.org/journal-profile.html?search.search=1613-1134","de Gruyter","CNTL","1613-1134","pjip_rank=209; open_access=HYBD; paper_length=Standard","2026-05-19"
"SRC_PJIP_20260519","PJIP Philosophy Journal Ranking Index","Derrida Today","https://www.pjip.org/journal-profile.html?search.search=1754-8519","Edinburgh University Press","CNTL","1754-8519","pjip_rank=210; open_access=HYBD; paper_length=Standard","2026-05-19"
"SRC_PJIP_20260519","PJIP Philosophy Journal Ranking Index","Nordic Wittgenstein Review","https://www.pjip.org/journal-profile.html?search.search=2242-248X","Nordic Wittgenstein Society","CNTL","2242-248X","pjip_rank=211; open_access=DOA; paper_length=Standard","2026-05-19"
"SRC_PJIP_20260519","PJIP Philosophy Journal Ranking Index","Journal of Nietzsche Studies","https://www.pjip.org/journal-profile.html?search.search=1538-4594","Penn State University Press","CNTL","1538-4594","pjip_rank=212; open_access=NOA; paper_length=Standard","2026-05-19"
"SRC_PJIP_20260519","PJIP Philosophy Journal Ranking Index","International Journal for the Study of Skepticism","https://www.pjip.org/journal-profile.html?search.search=2210-5700","Brill","META","2210-5700","pjip_rank=213; open_access=HYBD; paper_length=Standard","2026-05-19"
"SRC_PJIP_20260519","PJIP Philosophy Journal Ranking Index","Arumaruka","https://www.pjip.org/journal-profile.html?search.search=2788-7928","Conversational Society of Philosophy","REGN","2788-7928","pjip_rank=214; open_access=POA; paper_length=Standard","2026-05-19"
"SRC_PJIP_20260519","PJIP Philosophy Journal Ranking Index","Journal of Italian Philosophy","https://www.pjip.org/journal-profile.html?search.search=2515-6039","University of Newcastle upon Tyne,","REGN","2515-6039","pjip_rank=215; open_access=DOA; paper_length=Standard","2026-05-19"
"SRC_PJIP_20260519","PJIP Philosophy Journal Ranking Index","Danish Yearbook of Philosophy","https://www.pjip.org/journal-profile.html?search.search=2468-9300","Brill","GNRL","2468-9300","pjip_rank=216; open_access=HYBD; paper_length=Standard","2026-05-19"
"SRC_PJIP_20260519","PJIP Philosophy Journal Ranking Index","Conatus - Journal of Philosophy","https://www.pjip.org/journal-profile.html?search.search=2459-3842","NKUA Applied Philosophy Research Laboratory","GNRL","2459-3842","pjip_rank=217; open_access=DOA; paper_length=Standard","2026-05-19"
"SRC_PJIP_20260519","PJIP Philosophy Journal Ranking Index","Teorema","https://www.pjip.org/journal-profile.html?search.search=0210-1602","KRK Ediciones","GNRL","0210-1602","pjip_rank=218; open_access=DOA; paper_length=Standard","2026-05-19"
"SRC_PJIP_20260519","PJIP Philosophy Journal Ranking Index","Film-philosophy","https://www.pjip.org/journal-profile.html?search.search=1466-4615","Edinburgh University Press","AAL","1466-4615","pjip_rank=219; open_access=DOA; paper_length=Standard","2026-05-19"
"SRC_PJIP_20260519","PJIP Philosophy Journal Ranking Index","Diametros","https://www.pjip.org/journal-profile.html?search.search=1733-5566","Jagiellonian University","GNRL","1733-5566","pjip_rank=220; open_access=DOA; paper_length=Standard","2026-05-19"
"SRC_PJIP_20260519","PJIP Philosophy Journal Ranking Index","Perseitas","https://www.pjip.org/journal-profile.html?search.search=2346-1780","Universidad Catolica Luis Amigo","GNRL","2346-1780","pjip_rank=221; open_access=DOA; paper_length=Standard","2026-05-19"
"SRC_PJIP_20260519","PJIP Philosophy Journal Ranking Index","Australasian Journal of Logic","https://www.pjip.org/journal-profile.html?search.search=1448-5052","Australasian Association of Logic and Victoria University of Wellington","LGIC","1448-5052","pjip_rank=222; open_access=DOA; paper_length=Standard","2026-05-19"
"SRC_PJIP_20260519","PJIP Philosophy Journal Ranking Index","Revue Internationale de Philosophie","https://www.pjip.org/journal-profile.html?search.search=2033-0138","Universa Press","GNRL","2033-0138","pjip_rank=223; paper_length=Standard","2026-05-19"
"SRC_PJIP_20260519","PJIP Philosophy Journal Ranking Index","Philosophica","https://www.pjip.org/journal-profile.html?search.search=2295-9084","NoData","GNRL","2295-9084","pjip_rank=224; open_access=DOA; paper_length=Standard","2026-05-19"
"SRC_PJIP_20260519","PJIP Philosophy Journal Ranking Index","Journal of Global Ethics","https://www.pjip.org/journal-profile.html?search.search=1744-9634","Taylor & Francis","ManP","1744-9634","pjip_rank=225; open_access=HYBD; paper_length=Standard","2026-05-19"
"SRC_PJIP_20260519","PJIP Philosophy Journal Ranking Index","Philosophy and Social Criticism","https://www.pjip.org/journal-profile.html?search.search=1461-734X","SAGE","ManP","1461-734X","pjip_rank=226; open_access=HYBD; paper_length=Standard","2026-05-19"
"SRC_PJIP_20260519","PJIP Philosophy Journal Ranking Index","Contemporary Political Theory","https://www.pjip.org/journal-profile.html?search.search=1476-9336","Springer","ManP","1476-9336","pjip_rank=227; open_access=HYBD; paper_length=Standard","2026-05-19"
"SRC_PJIP_20260519","PJIP Philosophy Journal Ranking Index","Etudes Philosophiques","https://www.pjip.org/journal-profile.html?search.search=2101-0056","Presses Universitaires de France","HanA","2101-0056","pjip_rank=228; paper_length=Standard","2026-05-19"
"SRC_PJIP_20260519","PJIP Philosophy Journal Ranking Index","Patristica et Mediaevalia","https://www.pjip.org/journal-profile.html?search.search=2683-9636","Institute of Philosophy Dr. Alejandro Korn, Faculty of Philosophy and Arts, University of Buenos Aires","HanA","2683-9636","pjip_rank=229; open_access=DOA; paper_length=Standard","2026-05-19"
"SRC_PJIP_20260519","PJIP Philosophy Journal Ranking Index","SYNTHESIS - Journal for Philosophy","https://www.pjip.org/journal-profile.html?search.search=2785-3942","SYNTHESIS - Journal for Philosophy","HanA","2785-3942","pjip_rank=230; open_access=DOA; paper_length=Standard","2026-05-19"
"SRC_PJIP_20260519","PJIP Philosophy Journal Ranking Index","Espes","https://www.pjip.org/journal-profile.html?search.search=1339-1119","University of Presov Faculty of Arts","AAL","1339-1119","pjip_rank=231; open_access=DOA; paper_length=Standard","2026-05-19"
"SRC_PJIP_20260519","PJIP Philosophy Journal Ranking Index","Journal of Comparative Literature and Aesthetics","https://www.pjip.org/journal-profile.html?search.search=0252-8169","Vishvanatha Kaviraja Institute","AAL","0252-8169","pjip_rank=232; open_access=DOA; paper_length=Standard","2026-05-19"
"SRC_PJIP_20260519","PJIP Philosophy Journal Ranking Index","Angelaki: journal of the theoretical humanities","https://www.pjip.org/journal-profile.html?search.search=1469-2899","Taylor & Francis","CCS","1469-2899","pjip_rank=233; open_access=HYBD; paper_length=Standard","2026-05-19"
"SRC_PJIP_20260519","PJIP Philosophy Journal Ranking Index","Annals of Pure and Applied Logic","https://www.pjip.org/journal-profile.html?search.search=0168-0072","Elsevier","LGIC","0168-0072","pjip_rank=234; open_access=HYBD; paper_length=Standard","2026-05-19"
"SRC_PJIP_20260519","PJIP Philosophy Journal Ranking Index","Arendt Studies","https://www.pjip.org/journal-profile.html?search.search=2474-2406","Philosophy Documentation Center","CNTL","2474-2406","pjip_rank=235; open_access=HYBD; paper_length=Standard","2026-05-19"
"SRC_PJIP_20260519","PJIP Philosophy Journal Ranking Index","Bulletin of the Section of Logic","https://www.pjip.org/journal-profile.html?search.search=0138-0680","Department of Logic, University of Lodz","LGIC","0138-0680","pjip_rank=236; open_access=DOA; paper_length=Standard","2026-05-19"
"SRC_PJIP_20260519","PJIP Philosophy Journal Ranking Index","Chiasmi International","https://www.pjip.org/journal-profile.html?search.search=2155-6415","Philosophy Documentation Center","CNTL","2155-6415","pjip_rank=237; open_access=HYBD; paper_length=Standard","2026-05-19"
"SRC_PJIP_20260519","PJIP Philosophy Journal Ranking Index","Continental Thought and Theory","https://www.pjip.org/journal-profile.html?search.search=2463-333X","Canterbury School of Continental Philosophy","CNTL","2463-333X","pjip_rank=238; open_access=DOA; paper_length=Standard","2026-05-19"
"SRC_PJIP_20260519","PJIP Philosophy Journal Ranking Index","Cosmos and History","https://www.pjip.org/journal-profile.html?search.search=1832-9101","Open Humanities Press","CCS","1832-9101","pjip_rank=239; open_access=DOA; paper_length=Standard","2026-05-19"
"SRC_PJIP_20260519","PJIP Philosophy Journal Ranking Index","Critical Horizons","https://www.pjip.org/journal-profile.html?search.search=1568-5160","Taylor & Francis","CCS","1568-5160","pjip_rank=240; open_access=HYBD; paper_length=Standard","2026-05-19"
"SRC_PJIP_20260519","PJIP Philosophy Journal Ranking Index","Culture, theory and critique","https://www.pjip.org/journal-profile.html?search.search=1473-5776","Taylor & Francis","CCS","1473-5776","pjip_rank=241; open_access=HYBD; paper_length=Standard","2026-05-19"
"SRC_PJIP_20260519","PJIP Philosophy Journal Ranking Index","Diacritics","https://www.pjip.org/journal-profile.html?search.search=1080-6539","Johns Hopkins University Press","CCS","1080-6539","pjip_rank=242; open_access=NOA; paper_length=Standard","2026-05-19"
"SRC_PJIP_20260519","PJIP Philosophy Journal Ranking Index","Distinktion","https://www.pjip.org/journal-profile.html?search.search=2159-9149","Taylor & Francis","CCS","2159-9149","pjip_rank=243; open_access=HYBD; paper_length=Standard","2026-05-19"
"SRC_PJIP_20260519","PJIP Philosophy Journal Ranking Index","Dostoevsky Studies","https://www.pjip.org/journal-profile.html?search.search=2788-5739","International Dostoevsky Society (IDS)","CNTL","2788-5739","pjip_rank=244; open_access=DOA; paper_length=Standard","2026-05-19"
"SRC_PJIP_20260519","PJIP Philosophy Journal Ranking Index","Estetika: The Central European Journal of Aesthetics","https://www.pjip.org/journal-profile.html?search.search=2571-0915","Charles University, Faculty of Arts","AAL","2571-0915","pjip_rank=245; open_access=DOA; paper_length=Standard","2026-05-19"
"SRC_PJIP_20260519","PJIP Philosophy Journal Ranking Index","Foucault Studies","https://www.pjip.org/journal-profile.html?search.search=1832-5203","Copenhagen Business School","CNTL","1832-5203","pjip_rank=246; open_access=DOA; paper_length=Standard","2026-05-19"
"SRC_PJIP_20260519","PJIP Philosophy Journal Ranking Index","Hegel Bulletin","https://www.pjip.org/journal-profile.html?search.search=2051-5375","Cambridge University Press","CNTL","2051-5375","pjip_rank=247; open_access=HYBD; paper_length=Standard","2026-05-19"
"SRC_PJIP_20260519","PJIP Philosophy Journal Ranking Index","Hegel-Studien","https://www.pjip.org/journal-profile.html?search.search=0440-5927","Meiner eLibrary","CNTL","0440-5927","pjip_rank=248; open_access=NOA; paper_length=Standard","2026-05-19"
"SRC_PJIP_20260519","PJIP Philosophy Journal Ranking Index","Heidegger Studies","https://www.pjip.org/journal-profile.html?search.search=2153-9170","Philosophy Documentation Center","CNTL","2153-9170","pjip_rank=249; open_access=HYBD; paper_length=Standard","2026-05-19"
"SRC_PJIP_20260519","PJIP Philosophy Journal Ranking Index","Journal of Applied Logics","https://www.pjip.org/journal-profile.html?search.search=2631-9829","College Publications","LGIC","2631-9829","pjip_rank=250; paper_length=Standard","2026-05-19"
"SRC_PJIP_20260519","PJIP Philosophy Journal Ranking Index","Journal of Applied Non-Classical Logics","https://www.pjip.org/journal-profile.html?search.search=1958-5780","Taylor & Francis","LGIC","1958-5780","pjip_rank=251; open_access=HYBD; paper_length=Standard","2026-05-19"
"SRC_PJIP_20260519","PJIP Philosophy Journal Ranking Index","Journal of Logic, Language and Information","https://www.pjip.org/journal-profile.html?search.search=1572-9583","Springer","LGIC","1572-9583","pjip_rank=252; open_access=HYBD; paper_length=Standard","2026-05-19"
"SRC_PJIP_20260519","PJIP Philosophy Journal Ranking Index","Logic and Logical Philosophy","https://www.pjip.org/journal-profile.html?search.search=2300-9802","Nicolaus Copernicus University","LGIC","2300-9802","pjip_rank=253; open_access=DOA; paper_length=Standard","2026-05-19"
"SRC_PJIP_20260519","PJIP Philosophy Journal Ranking Index","Logic Journal of the IGPL","https://www.pjip.org/journal-profile.html?search.search=1368-9894","Oxford University Press","LGIC","1368-9894","pjip_rank=254; open_access=HYBD; paper_length=Standard","2026-05-19"
"SRC_PJIP_20260519","PJIP Philosophy Journal Ranking Index","Logique et Analyse","https://www.pjip.org/journal-profile.html?search.search=0024-5836","Nationaal Centrum voor Navorsingen in de Logica (Centre National Belge de Recherche de Logique)","LGIC","0024-5836","pjip_rank=255; open_access=NOA; paper_length=Standard","2026-05-19"
"SRC_PJIP_20260519","PJIP Philosophy Journal Ranking Index","New Yearbook for Phenomenology and Phenomenological Philosophy","https://www.pjip.org/journal-profile.html?search.search=2157-0752","Taylor & Francis","CNTL","2157-0752","pjip_rank=256; open_access=NOA; paper_length=Standard","2026-05-19"
"SRC_PJIP_20260519","PJIP Philosophy Journal Ranking Index","Nietzsche-Studien","https://www.pjip.org/journal-profile.html?search.search=1613-0790","de Gruyter","CNTL","1613-0790","pjip_rank=257; open_access=DOA; paper_length=Standard","2026-05-19"
"SRC_PJIP_20260519","PJIP Philosophy Journal Ranking Index","Paragraph","https://www.pjip.org/journal-profile.html?search.search=1750-0176","Edinburgh University Press","CCS","1750-0176","pjip_rank=258; open_access=HYBD; paper_length=Standard","2026-05-19"
"SRC_PJIP_20260519","PJIP Philosophy Journal Ranking Index","Parallax","https://www.pjip.org/journal-profile.html?search.search=1460-700X","Taylor & Francis","CCS","1460-700X","pjip_rank=259; open_access=HYBD; paper_length=Standard","2026-05-19"
"SRC_PJIP_20260519","PJIP Philosophy Journal Ranking Index","Parrhesia","https://www.pjip.org/journal-profile.html?search.search=1834-3287","Open Humanities Press","CNTL","1834-3287","pjip_rank=260; open_access=DOA; paper_length=Standard","2026-05-19"
"SRC_PJIP_20260519","PJIP Philosophy Journal Ranking Index","Performance Philosophy","https://www.pjip.org/journal-profile.html?search.search=2057-7176","Performance Philosophy","AAL","2057-7176","pjip_rank=261; open_access=DOA; paper_length=Standard","2026-05-19"
"SRC_PJIP_20260519","PJIP Philosophy Journal Ranking Index","Philosophy and Literature","https://www.pjip.org/journal-profile.html?search.search=1086-329X","Johns Hopkins University Press","AAL","1086-329X","pjip_rank=262; open_access=HYBD; paper_length=Standard","2026-05-19"
"SRC_PJIP_20260519","PJIP Philosophy Journal Ranking Index","Philosophy Today","https://www.pjip.org/journal-profile.html?search.search=2329-8596","Philosophy Documentation Center","CNTL","2329-8596","pjip_rank=263; open_access=HYBD; paper_length=Standard","2026-05-19"
"SRC_PJIP_20260519","PJIP Philosophy Journal Ranking Index","Reports on Mathematical Logic","https://www.pjip.org/journal-profile.html?search.search=2084-2589","Jagiellonian University Press","LGIC","2084-2589","pjip_rank=264; open_access=DOA; paper_length=Standard","2026-05-19"
"SRC_PJIP_20260519","PJIP Philosophy Journal Ranking Index","Review of Symbolic Logic","https://www.pjip.org/journal-profile.html?search.search=1755-0211","Cambridge University Press","LGIC","1755-0211","pjip_rank=265; open_access=HYBD; paper_length=Standard","2026-05-19"
"SRC_PJIP_20260519","PJIP Philosophy Journal Ranking Index","Revue Philosophique de la France et de La Etranger","https://www.pjip.org/journal-profile.html?search.search=0035-3833","Presses Universitaires de France","CNTL","0035-3833","pjip_rank=266; paper_length=Standard","2026-05-19"
"SRC_PJIP_20260519","PJIP Philosophy Journal Ranking Index","Simone de Beauvoir Studies","https://www.pjip.org/journal-profile.html?search.search=2589-7616","Brill","CNTL","2589-7616","pjip_rank=267; open_access=HYBD; paper_length=Standard","2026-05-19"
"SRC_PJIP_20260519","PJIP Philosophy Journal Ranking Index","South American Journal of Logic","https://www.pjip.org/journal-profile.html?search.search=2446-6719","Centre for Logic, Epistemology and the History of Science","LGIC","2446-6719","pjip_rank=268; open_access=DOA; paper_length=Standard","2026-05-19"
"SRC_PJIP_20260519","PJIP Philosophy Journal Ranking Index","Studia Logica","https://www.pjip.org/journal-profile.html?search.search=1572-8730","Springer","LGIC","1572-8730","pjip_rank=269; open_access=HYBD; paper_length=Standard","2026-05-19"
"SRC_PJIP_20260519","PJIP Philosophy Journal Ranking Index","Studia Phaenomenologica","https://www.pjip.org/journal-profile.html?search.search=2069-0061","Romanian Society for Phenomenology","CNTL","2069-0061","pjip_rank=270; open_access=HYBD; paper_length=Standard","2026-05-19"
"SRC_PJIP_20260519","PJIP Philosophy Journal Ranking Index","Theory and Event: an online journal of political theory","https://www.pjip.org/journal-profile.html?search.search=1092-311X","Johns Hopkins University Press","CCS","1092-311X","pjip_rank=271; paper_length=Standard","2026-05-19"
"SRC_PJIP_20260519","PJIP Philosophy Journal Ranking Index","Theory, Culture and Society","https://www.pjip.org/journal-profile.html?search.search=1460-3616","Sage Publishing","CCS","1460-3616","pjip_rank=272; open_access=HYBD; paper_length=Standard","2026-05-19"
"SRC_PJIP_20260519","PJIP Philosophy Journal Ranking Index","Thesis Eleven","https://www.pjip.org/journal-profile.html?search.search=1461-7455","Sage Publishing","CCS","1461-7455","pjip_rank=273; open_access=HYBD; paper_length=Standard","2026-05-19"
"SRC_PJIP_20260519","PJIP Philosophy Journal Ranking Index","The Journal of Philosophical Economics","https://www.pjip.org/journal-profile.html?search.search=1844-8208","Editura ASE (Publishing House of the Bucharest University of Economic Studies)","PSci","1844-8208","pjip_rank=274; open_access=DOA; paper_length=Standard","2026-05-19"
